{
  "rows": 522,
  "conditions": 6,
  "qa_count_per_condition": 87,
  "overall_success_rate": 0.7586206896551724,
  "overall_judge_score": 4.170498084291188,
  "overall_retrieval_precision": 0.4741445032642463,
  "overall_hallucination_rate": 0.04159003831417625,
  "overall_cost_usd": 11.09097158,
  "rows_status_error": 0
}