suite,condition_id,retriever,max_steps,process_feedback,quality_reweight,judge_mode,qa_count,success,judge_score,retrieval_precision,hallucination_rate,lexical_f1,exact_match,reference_episode_recall,trajectory_length,elapsed_seconds,cost_usd
main,main__bm25__steps3__judge0__quality1__modenone,bm25,3,False,True,none,87,0.7701149425287356,4.344827586206897,0.38227821565407777,0.003793103448275862,0.3728807491746786,0.0,0.6091954022988505,2.8735632183908044,17.84472212298163,0.004318433333333333
main,main__bm25__steps4__judge1__quality1__modeprocess,bm25,4,True,True,process,87,0.8275862068965517,4.2988505747126435,0.43103627306507625,0.016436781609195403,0.37461797398097907,0.0,0.6570881226053639,3.8045977011494254,77.0207113424937,0.015027995402298851
main,main__embedding__steps3__judge0__quality1__modenone,embedding,3,False,True,none,87,0.7471264367816092,3.9885057471264367,0.5707777777777778,0.09482758620689655,0.41338025503984294,0.0,0.6772030651340996,2.7241379310344827,77.10691506013103,0.006832921609195402
main,main__embedding__steps4__judge1__quality1__modeprocess,embedding,4,True,True,process,87,0.8275862068965517,4.505747126436781,0.6530444989238092,0.006896551724137931,0.4232308855984936,0.0,0.7490421455938696,3.6436781609195403,193.38616792086898,0.015009701149425287
main,main__grep__steps3__judge0__quality1__modenone,grep,3,False,True,none,87,0.6436781609195402,3.8045977011494254,0.37332968857451615,0.11804597701149425,0.3760540978329527,0.0,0.5536398467432949,2.7701149425287355,77.35312720824932,0.02503515632183908
main,main__grep__steps4__judge1__quality1__modeprocess,grep,4,True,True,process,87,0.735632183908046,4.080459770114943,0.4344005655902207,0.009540229885057473,0.40007510839043725,0.0,0.6599616858237547,3.8045977011494254,129.70912238373154,0.06125822413793103
