{
  "rows": 522,
  "conditions": 6,
  "qa_count_per_condition": 87,
  "overall_success_rate": 0.7624521072796935,
  "overall_judge_score": 4.233716475095785,
  "overall_retrieval_precision": 0.48164015820398687,
  "overall_hallucination_rate": 0.019789272030651343,
  "overall_cost_usd": 11.67035109,
  "rows_status_error": 0
}