suite,condition_id,retriever,max_steps,process_feedback,quality_reweight,judge_mode,qa_count,success,judge_score,retrieval_precision,hallucination_rate,lexical_f1,exact_match,reference_episode_recall,trajectory_length,elapsed_seconds,cost_usd
main,main__bm25__steps3__judge0__quality0__modenone,bm25,3,False,False,none,87,0.7471264367816092,4.149425287356322,0.396249947753396,0.001724137931034483,0.3734671468351934,0.0,0.6139846743295018,2.8850574712643677,31.62102641182384,0.005938444827586206
main,main__bm25__steps4__judge1__quality0__modeprocess,bm25,4,True,False,process,87,0.7241379310344828,4.126436781609195,0.39148752314432894,0.013793103448275862,0.3606162685468335,0.0,0.6302681992337164,3.735632183908046,118.22188430544973,0.015993359770114943
main,main__embedding__steps3__judge0__quality0__modenone,embedding,3,False,False,none,87,0.8160919540229885,4.448275862068965,0.6186444444444444,0.008045977011494253,0.43077926584164755,0.0,0.6992337164750957,2.7471264367816093,60.373843445175,0.005938853563218391
main,main__embedding__steps4__judge1__quality0__modeprocess,embedding,4,True,False,process,87,0.8620689655172413,4.597701149425287,0.7041421455938698,0.005747126436781609,0.42760059994968963,0.0,0.7413793103448274,3.6666666666666665,268.2400286499111,0.015120708390804597
main,main__grep__steps3__judge0__quality0__modenone,grep,3,False,False,none,87,0.6896551724137931,3.9195402298850577,0.38477151979565777,0.06701149425287356,0.3768932516552799,0.0,0.561302681992337,2.735632183908046,82.82752224768716,0.024653318390804594
main,main__grep__steps4__judge1__quality0__modeprocess,grep,4,True,False,process,87,0.735632183908046,4.160919540229885,0.39454536849222444,0.02241379310344828,0.39960832777329147,0.0,0.6743295019157087,3.8045977011494254,140.0812645259945,0.06649728160919541
