{
  "rows": 720,
  "conditions": 36,
  "qa_count_per_condition": 20,
  "overall_success_rate": 0.45,
  "overall_judge_score": 3.129166666666667,
  "overall_retrieval_precision": 0.33048406709956707,
  "overall_hallucination_rate": 0.31449250661375666,
  "overall_cost_usd": 0.91216519
}