{
  "rows": 522,
  "conditions": 6,
  "qa_count_per_condition": 87,
  "overall_success_rate": 0.7298850574712644,
  "overall_judge_score": 4.103448275862069,
  "overall_retrieval_precision": 0.4664361098671444,
  "overall_hallucination_rate": 0.03617816091954022,
  "overall_cost_usd": 7.76593617,
  "rows_status_error": 0
}