suite,condition_id,retriever,max_steps,process_feedback,quality_reweight,judge_mode,qa_count,success,judge_score,retrieval_precision,hallucination_rate,lexical_f1,exact_match,reference_episode_recall,trajectory_length,elapsed_seconds,cost_usd
main,main__bm25__steps2__judge0__quality1__modenone,bm25,2,False,True,none,87,0.735632183908046,4.287356321839081,0.4112313446451378,0.004137931034482759,0.3644815658838214,0.0,0.5795019157088122,2.0,14.992095103209046,0.0027192839080459772
main,main__bm25__steps3__judge1__quality1__modeprocess,bm25,3,True,True,process,87,0.6781609195402298,4.0344827586206895,0.4277766283524904,0.008160919540229884,0.3679127328212468,0.0,0.5814176245210727,2.896551724137931,54.26655359377806,0.011451683908045976
main,main__embedding__steps2__judge0__quality1__modenone,embedding,2,False,True,none,87,0.735632183908046,4.0,0.5294214559386973,0.0917816091954023,0.3829441589295869,0.0,0.5478927203065133,1.8735632183908046,64.33633725396518,0.0052675202298850575
main,main__embedding__steps3__judge1__quality1__modeprocess,embedding,3,True,True,process,87,0.8735632183908046,4.494252873563219,0.6653152908394288,0.0022988505747126436,0.4228556567720387,0.0,0.718390804597701,2.8850574712643677,130.92744857415386,0.012585396666666667
main,main__grep__steps2__judge0__quality1__modenone,grep,2,False,True,none,87,0.5977011494252874,3.5632183908045976,0.34485878489326766,0.0960919540229885,0.35563755973331096,0.0,0.45785440613026807,1.896551724137931,66.2976852860944,0.015216866666666665
main,main__grep__steps3__judge1__quality1__modeprocess,grep,3,True,True,process,87,0.7586206896551724,4.241379310344827,0.42001315453384414,0.014597701149425288,0.39372769478859254,0.0,0.5852490421455938,2.942528735632184,147.71448599607095,0.042022882758620685
