suite,condition_id,retriever,max_steps,process_feedback,quality_reweight,judge_mode,qa_count,success,judge_score,retrieval_precision,hallucination_rate,lexical_f1,exact_match,reference_episode_recall,trajectory_length,elapsed_seconds,cost_usd
main,main__bm25__steps2__judge1__quality1__modeprocess,bm25,2,True,True,process,87,0.735632183908046,4.195402298850575,0.39964240102171134,0.017011494252873564,0.36887589224504985,0.0,0.5660919540229884,1.9885057471264367,86.68256357620503,0.008683545977011493
main,main__bm25__steps4__judge0__quality1__modenone,bm25,4,False,True,none,87,0.7816091954022989,4.160919540229885,0.4073930304688926,0.04827586206896552,0.35824763375053537,0.0,0.5948275862068965,3.3448275862068964,89.39774693839851,0.00882060459770115
main,main__embedding__steps2__judge1__quality1__modeprocess,embedding,2,True,True,process,87,0.8160919540229885,4.35632183908046,0.6528381864623244,0.004022988505747126,0.40336414622409794,0.0,0.6273946360153255,1.9770114942528736,83.61637740847708,0.009217528850574714
main,main__embedding__steps4__judge0__quality1__modenone,embedding,4,False,True,none,87,0.8735632183908046,4.620689655172414,0.6540019157088123,0.007471264367816092,0.43842511632352943,0.0,0.7318007662835248,3.32183908045977,178.9962925116221,0.009225738850574714
main,main__grep__steps2__judge1__quality1__modeprocess,grep,2,True,True,process,87,0.7011494252873564,4.011494252873563,0.41515188834154354,0.04655172413793103,0.3744122926974403,0.0,0.5153256704980842,1.9540229885057472,136.138031436109,0.028297050574712643
main,main__grep__steps4__judge0__quality1__modenone,grep,4,False,True,none,87,0.7931034482758621,4.287356321839081,0.42696929488472135,0.017586206896551725,0.4062315179690144,0.0,0.6561302681992336,3.5517241379310347,47.67309132389639,0.037619570114942526
