{
  "rows": 522,
  "conditions": 6,
  "qa_count_per_condition": 87,
  "overall_success_rate": 0.7835249042145593,
  "overall_judge_score": 4.272030651340996,
  "overall_retrieval_precision": 0.4926661194813342,
  "overall_hallucination_rate": 0.02348659003831418,
  "overall_cost_usd": 8.86217139,
  "rows_status_error": 0
}