{
  "rows": 108,
  "conditions": 36,
  "qa_count_per_condition": 3,
  "overall_success_rate": 0.6018518518518519,
  "overall_judge_score": 3.7314814814814814,
  "overall_retrieval_precision": 0.25414938271604937,
  "overall_hallucination_rate": 0.2262037037037037,
  "overall_cost_usd": 0.16647787
}