era,n_qa,success_mean,success_ci_lo,success_ci_hi,judge_score_mean,judge_score_ci_lo,judge_score_ci_hi,reference_episode_recall_mean,reference_episode_recall_ci_lo,reference_episode_recall_ci_hi,retrieval_precision_mean,retrieval_precision_ci_lo,retrieval_precision_ci_hi,hallucination_rate_mean,hallucination_rate_ci_lo,hallucination_rate_ci_hi,lexical_f1_mean,lexical_f1_ci_lo,lexical_f1_ci_hi
old,32,0.717013888888889,0.6449652777777778,0.78125,4.105902777777779,3.914040798611111,4.2864800347222225,0.5414496527777778,0.4707754629629629,0.6122685185185185,0.48386392462668504,0.42753164033111957,0.5426095212009728,0.022847222222222224,0.014756944444444444,0.03151931423611111,0.4054932835583532,0.3784256567083804,0.4322901118695945
mixed,32,0.7586805555555556,0.7074652777777778,0.8098958333333333,4.176215277777778,4.022569444444445,4.323784722222222,0.6479311342592592,0.5894061053240742,0.7059479890046296,0.467394450054828,0.40942690000995413,0.5258641448563378,0.03773602430555555,0.028197443576388887,0.04779084201388887,0.39015532259671915,0.36089521072613157,0.4207560499394256
new,23,0.8019323671497584,0.7233997584541063,0.8695652173913043,4.314009661835749,4.113526570048308,4.49399154589372,0.6823671497584541,0.5988325281803543,0.7644927536231884,0.5007382590586767,0.44089636483383776,0.5619678823171358,0.027306763285024155,0.015821256038647345,0.041992753623188404,0.36819625426048813,0.3327203313324339,0.4054110634049921
