metric,old_mean,mixed_mean,new_mean,delta_new_minus_old,mwu_old_vs_new_U,mwu_old_vs_new_p,mwu_old_vs_mixed_p
success,0.717013888888889,0.7586805555555556,0.8019323671497584,0.0849184782608694,271.0,0.09869545343623748,0.567318956957154
judge_score,4.105902777777779,4.176215277777778,4.314009661835749,0.20810688405797073,278.5,0.1287007142559516,0.6770691215343485
reference_episode_recall,0.5414496527777778,0.6479311342592592,0.6823671497584541,0.14091749698067635,230.5,0.01935105383077686,0.033277792136855416
retrieval_precision,0.48386392462668504,0.467394450054828,0.5007382590586767,0.01687433443199171,343.0,0.6759136862086041,0.7523531153510096
hallucination_rate,0.022847222222222224,0.03773602430555555,0.027306763285024155,0.004459541062801931,350.0,0.7615825742887117,0.03030190792911467
lexical_f1,0.4054932835583532,0.39015532259671915,0.36819625426048813,-0.03729702929786505,479.0,0.059366203920508974,0.4321672088450389
