era,success,judge_score,reference_episode_recall,retrieval_precision,hallucination_rate,lexical_f1
mixed,0.7586805555555556,4.176215277777778,0.6479311342592593,0.467394450054828,0.03773602430555555,0.39015532259671915
new,0.7939814814814815,4.310474537037037,0.6712962962962963,0.49280945427178574,0.026571180555555553,0.37408377854349234
old,0.7170138888888888,4.105902777777778,0.5414496527777778,0.48386392462668504,0.022847222222222224,0.40549328355835323
