{
  "rows": 3,
  "conditions": 3,
  "qa_count_per_condition": 1,
  "overall_success_rate": 0.6666666666666666,
  "overall_judge_score": 3.6666666666666665,
  "overall_retrieval_precision": 0.4666666666666666,
  "overall_hallucination_rate": 0.18333333333333335,
  "overall_cost_usd": 0.001105
}