{
  "rows": 522,
  "conditions": 6,
  "qa_count_per_condition": 87,
  "overall_success_rate": 0.7471264367816092,
  "overall_judge_score": 4.162835249042145,
  "overall_retrieval_precision": 0.49415290090250763,
  "overall_hallucination_rate": 0.020862068965517244,
  "overall_cost_usd": 8.11953222,
  "rows_status_error": 0
}