suite,condition_id,retriever,max_steps,process_feedback,quality_reweight,judge_mode,qa_count,success,judge_score,retrieval_precision,hallucination_rate,lexical_f1,exact_match,reference_episode_recall,trajectory_length,elapsed_seconds,cost_usd
main,main__bm25__steps2__judge1__quality0__modeprocess,bm25,2,True,False,process,87,0.735632183908046,4.241379310344827,0.3868394636015326,0.012643678160919542,0.3634479200579683,0.0,0.5536398467432949,2.0,65.48055386269229,0.00881540459770115
main,main__bm25__steps4__judge0__quality0__modenone,bm25,4,False,False,none,87,0.7471264367816092,4.275862068965517,0.44329246487867174,0.014942528735632184,0.3781872376956411,0.0,0.6590038314176244,3.6436781609195403,35.18175472610298,0.009003634482758621
main,main__embedding__steps2__judge1__quality0__modeprocess,embedding,2,True,False,process,87,0.7126436781609196,3.9655172413793105,0.6252249589490969,0.028735632183908046,0.397405821368142,0.0,0.5909961685823754,1.9195402298850575,102.355611242097,0.008183955977011494
main,main__embedding__steps4__judge0__quality0__modenone,embedding,4,False,False,none,87,0.8160919540229885,4.425287356321839,0.64182897141173,0.014137931034482758,0.4288949810663938,0.0,0.728927203065134,3.206896551724138,66.39760427091313,0.007861166091954024
main,main__grep__steps2__judge1__quality0__modeprocess,grep,2,True,False,process,87,0.6781609195402298,3.8275862068965516,0.4285790914066776,0.0467816091954023,0.3547334535851583,0.0,0.5057471264367815,1.9425287356321839,92.49526588670139,0.027812329885057472
main,main__grep__steps4__judge0__quality0__modenone,grep,4,False,False,none,87,0.7931034482758621,4.241379310344827,0.43915245516733714,0.007931034482758621,0.4061473275114192,0.0,0.6973180076628351,3.6091954022988504,50.26527390808895,0.03165146551724138
