retriever,success,judge_score,retrieval_precision,hallucination_rate,lexical_f1,cost_usd,elapsed_seconds
bm25,0.45,3.25,0.28746031746031747,0.31596416666666666,0.3335509011652006,0.0009850066666666666,13.466524285078048
grep,0.45,3.091666666666667,0.3428786111111111,0.3288555555555555,0.3324468795450214,0.0018199858333333332,14.38971514503161
embedding,0.4166666666666667,2.95,0.42973138888888884,0.3315523148148148,0.3676634528207146,0.0009558238333333333,15.433362807830175
