max_steps,success,judge_score,retrieval_precision,hallucination_rate,lexical_f1,cost_usd,elapsed_seconds
2,0.44166666666666665,3.125,0.3795664285714286,0.2972762037037037,0.33538289598086235,0.0008518902500000001,11.2568068365256
3,0.4,3.075,0.3142580555555555,0.35533750000000003,0.3455787121485356,0.0012067155,14.635029341777166
4,0.475,3.091666666666667,0.3662458333333333,0.3237583333333333,0.35269962540153854,0.0017022105833333333,17.39776605963707
