process_feedback,success,judge_score,retrieval_precision,hallucination_rate,lexical_f1,cost_usd,elapsed_seconds
none,0.4111111111111111,3.0166666666666666,0.35058,0.3507932098765432,0.3474889127178693,0.0010528346666666666,8.790375741322835
process,0.4666666666666667,3.1777777777777776,0.356133544973545,0.3001214814814815,0.34161857630275505,0.0014543762222222222,20.069359083970387
