{
  "rows": 3132,
  "conditions": 36,
  "qa_count_per_condition": 87,
  "overall_success_rate": 0.7547892720306514,
  "overall_judge_score": 4.186781609195402,
  "overall_retrieval_precision": 0.4822672177949193,
  "overall_hallucination_rate": 0.029502522349936142,
  "overall_cost_usd": 55.83064513000001,
  "rows_status_error": 0
}