{
  "rows": 360,
  "conditions": 18,
  "qa_count_per_condition": 20,
  "overall_success_rate": 0.4388888888888889,
  "overall_judge_score": 3.0972222222222223,
  "overall_retrieval_precision": 0.3533567724867725,
  "overall_hallucination_rate": 0.32545734567901236,
  "overall_cost_usd": 0.45129795999999994
}