suite,condition_id,retriever,max_steps,process_feedback,quality_reweight,judge_mode,qa_count,success,judge_score,retrieval_precision,hallucination_rate,lexical_f1,exact_match,reference_episode_recall,trajectory_length,elapsed_seconds,cost_usd
main,main__bm25__steps2__judge0__quality0__modenone,bm25,2,False,False,none,87,0.8390804597701149,4.367816091954023,0.42193524904214563,0.0,0.3709822452454626,0.0,0.5593869731800766,2.0,22.88257875387696,0.0038352080459770114
main,main__bm25__steps3__judge1__quality0__modeprocess,bm25,3,True,False,process,87,0.6896551724137931,4.149425287356322,0.4202594459180666,0.0011494252873563218,0.37358088806499873,0.0,0.6350574712643677,2.9655172413793105,63.41649155781187,0.01098121264367816
main,main__embedding__steps2__judge0__quality0__modenone,embedding,2,False,False,none,87,0.735632183908046,4.149425287356322,0.6222183908045977,0.05919540229885058,0.40142442207318174,0.0,0.568007662835249,1.896551724137931,42.72549112911882,0.003295798735632184
main,main__embedding__steps3__judge1__quality0__modeprocess,embedding,3,True,False,process,87,0.8160919540229885,4.448275862068965,0.6628032967032967,0.008355172413793105,0.42769545191813657,0.0,0.6839080459770114,2.896551724137931,163.23599503780233,0.012152505632183907
main,main__grep__steps2__judge0__quality0__modenone,grep,2,False,False,none,87,0.5977011494252874,3.574712643678161,0.3674972748834818,0.1289655172413793,0.37049820018149526,0.0,0.47413793103448265,1.9310344827586208,63.07724613978945,0.01834195172413793
main,main__grep__steps3__judge1__quality0__modeprocess,grep,3,True,False,process,87,0.8045977011494253,4.379310344827586,0.41266743295019154,0.012988505747126436,0.4003797710758689,0.0,0.5986590038314175,2.9310344827586206,86.95758242990779,0.04704484827586207
