{
  "rows": 522,
  "conditions": 6,
  "qa_count_per_condition": 87,
  "overall_success_rate": 0.7471264367816092,
  "overall_judge_score": 4.17816091954023,
  "overall_retrieval_precision": 0.4845635150502966,
  "overall_hallucination_rate": 0.03510900383141763,
  "overall_cost_usd": 8.321682679999999,
  "rows_status_error": 0
}