{
  "rows": 54,
  "conditions": 18,
  "qa_count_per_condition": 3,
  "overall_success_rate": 0.6111111111111112,
  "overall_judge_score": 3.7037037037037037,
  "overall_retrieval_precision": 0.2728055555555556,
  "overall_hallucination_rate": 0.2315425925925926,
  "overall_cost_usd": 0.07763181999999999
}